{
  "run_id": "0171d9fb-527a-4b5b-9959-48d8efdbbf17",
  "model_version": "v13_embed",
  "params": 4460577,
  "trainable": 4460577,
  "raw_bytes": 17842308,
  "est_int8_bytes": 4460577,
  "quantized_bytes": 9727768,
  "vocab_size": 1024,
  "num_steps": 8,
  "n_channels": 128,
  "n_fourier_basis": 16,
  "state_dim": 64,
  "inner_dim": 128,
  "n_ops": 8,
  "lr": 0.03,
  "activation": "gelu",
  "decay_init": 3.0,
  "steps_trained": 603,
  "final_train_loss": 3.9876773208379745,
  "val_loss": 3.9981086603867113,
  "val_bpb": 2.367905151259877,
  "train_time_ms": 600353.0745655298,
  "world_size": 3,
  "grad_accum_steps": 16,
  "batch_tokens": 491520,
  "model_path": "logs/0171d9fb-527a-4b5b-9959-48d8efdbbf17_model.pt",
  "quantized_path": "logs/0171d9fb-527a-4b5b-9959-48d8efdbbf17_model.int8.ptz"
}