{
  "run_id": "06067862-fe8e-4f20-9a6a-4a706d0901e8",
  "model_version": "lgp",
  "params": 328809,
  "trainable": 328809,
  "raw_bytes": 1315236,
  "est_int8_bytes": 328809,
  "quantized_bytes": 1812814,
  "vocab_size": 1024,
  "num_steps": 8,
  "n_channels": 128,
  "n_fourier_basis": 16,
  "state_dim": 64,
  "inner_dim": 128,
  "n_ops": 8,
  "lr": 0.03,
  "activation": "gelu",
  "decay_init": 3.0,
  "steps_trained": 348,
  "final_train_loss": 6.26965606212616,
  "val_loss": 6.261928221379856,
  "val_bpb": 3.7086666100742685,
  "train_time_ms": 601293.1517027318,
  "world_size": 3,
  "grad_accum_steps": 16,
  "batch_tokens": 491520,
  "model_path": "logs/06067862-fe8e-4f20-9a6a-4a706d0901e8_model.pt",
  "quantized_path": "logs/06067862-fe8e-4f20-9a6a-4a706d0901e8_model.int8.ptz"
}