{
  "run_id": "0dd06831-1fc1-4280-a441-62c96541192b",
  "model_version": "v8_graph",
  "params": 557097,
  "trainable": 557097,
  "raw_bytes": 1179812,
  "est_int8_bytes": 557097,
  "quantized_bytes": 914432,
  "vocab_size": 1024,
  "num_steps": 8,
  "n_channels": 128,
  "n_fourier_basis": 16,
  "state_dim": 64,
  "inner_dim": 128,
  "n_ops": 8,
  "lr": 0.01,
  "activation": "gelu",
  "decay_init": 3.0,
  "steps_trained": 165,
  "final_train_loss": 6.840727090835571,
  "val_loss": 6.832524141119361,
  "val_bpb": 4.0466056538591255,
  "train_time_ms": 300697.2695328295,
  "world_size": 3,
  "grad_accum_steps": 16,
  "batch_tokens": 491520,
  "model_path": "logs/0dd06831-1fc1-4280-a441-62c96541192b_model.pt",
  "quantized_path": "logs/0dd06831-1fc1-4280-a441-62c96541192b_model.int8.ptz"
}