{
  "run_id": "12f84bf6-2d2f-4d83-8d32-a4287c63e73e",
  "model_version": "v1",
  "params": 3359761,
  "trainable": 3359761,
  "raw_bytes": 13422660,
  "est_int8_bytes": 3359761,
  "quantized_bytes": 3066025,
  "vocab_size": 1024,
  "num_steps": 8,
  "n_channels": 128,
  "n_fourier_basis": 16,
  "state_dim": 64,
  "inner_dim": 128,
  "n_ops": 8,
  "lr": 0.03,
  "activation": "gelu",
  "decay_init": 3.0,
  "steps_trained": 239,
  "final_train_loss": 6.037311315536499,
  "val_loss": 6.057453517160553,
  "val_bpb": 3.587565172732044,
  "train_time_ms": 602452.9303051531,
  "world_size": 3,
  "grad_accum_steps": 16,
  "batch_tokens": 491520,
  "model_path": "logs/12f84bf6-2d2f-4d83-8d32-a4287c63e73e_model.pt",
  "quantized_path": "logs/12f84bf6-2d2f-4d83-8d32-a4287c63e73e_model.int8.ptz"
}