{
  "run_id": "584db77d-79e2-4672-a366-67fa4cef2f28",
  "model_version": "v11_tpg",
  "params": 6350906,
  "trainable": 6350906,
  "raw_bytes": 25403624,
  "est_int8_bytes": 6350906,
  "quantized_bytes": 17130314,
  "vocab_size": 1024,
  "num_steps": 8,
  "n_channels": 128,
  "n_fourier_basis": 16,
  "state_dim": 64,
  "inner_dim": 128,
  "n_ops": 8,
  "lr": 0.03,
  "activation": "gelu",
  "decay_init": 3.0,
  "steps_trained": 214,
  "final_train_loss": 5.405220448970795,
  "val_loss": 5.454399853909351,
  "val_bpb": 3.2304028249832104,
  "train_time_ms": 600504.5642443001,
  "world_size": 3,
  "grad_accum_steps": 16,
  "batch_tokens": 491520,
  "model_path": "logs/584db77d-79e2-4672-a366-67fa4cef2f28_model.pt",
  "quantized_path": "logs/584db77d-79e2-4672-a366-67fa4cef2f28_model.int8.ptz"
}