{
  "run_id": "5b7cd006-53c1-4997-8038-deb47b8b1a9c",
  "model_version": "v2",
  "params": 353289,
  "trainable": 353289,
  "raw_bytes": 1413156,
  "est_int8_bytes": 353289,
  "quantized_bytes": 1325336,
  "vocab_size": 1024,
  "num_steps": 8,
  "n_channels": 128,
  "n_fourier_basis": 16,
  "state_dim": 64,
  "inner_dim": 128,
  "n_ops": 8,
  "lr": 0.03,
  "activation": "gelu",
  "decay_init": 3.0,
  "steps_trained": 464,
  "final_train_loss": 5.398640543222427,
  "val_loss": 5.391828940395256,
  "val_bpb": 3.1933448055509097,
  "train_time_ms": 601251.0852962732,
  "world_size": 3,
  "grad_accum_steps": 16,
  "batch_tokens": 491520,
  "model_path": "logs/5b7cd006-53c1-4997-8038-deb47b8b1a9c_model.pt",
  "quantized_path": "logs/5b7cd006-53c1-4997-8038-deb47b8b1a9c_model.int8.ptz"
}