{
  "run_id": "609bd52e-59a5-442b-8538-482917918570",
  "model_version": "v1",
  "params": 3359761,
  "trainable": 3359761,
  "raw_bytes": 13422660,
  "est_int8_bytes": 3359761,
  "quantized_bytes": 1864461,
  "vocab_size": 1024,
  "num_steps": 8,
  "n_channels": 128,
  "n_fourier_basis": 16,
  "state_dim": 64,
  "inner_dim": 128,
  "n_ops": 8,
  "lr": 0.03,
  "activation": "gelu",
  "decay_init": 3.0,
  "steps_trained": 2,
  "final_train_loss": 6.683162689208984,
  "val_loss": 6.6806898362144365,
  "val_bpb": 3.9566808260812936,
  "train_time_ms": 5021.06811106205,
  "world_size": 3,
  "grad_accum_steps": 16,
  "batch_tokens": 491520,
  "model_path": "logs/609bd52e-59a5-442b-8538-482917918570_model.pt",
  "quantized_path": "logs/609bd52e-59a5-442b-8538-482917918570_model.int8.ptz"
}