{
  "run_id": "75ccc9f0-0f7d-46eb-ac85-3c13d07980f4",
  "model_version": "v11_brainwave",
  "params": 3425329,
  "trainable": 3425329,
  "raw_bytes": 13701316,
  "est_int8_bytes": 3425329,
  "quantized_bytes": 14036140,
  "vocab_size": 1024,
  "num_steps": 8,
  "n_channels": 128,
  "n_fourier_basis": 16,
  "state_dim": 64,
  "inner_dim": 128,
  "n_ops": 8,
  "lr": 0.03,
  "activation": "gelu",
  "decay_init": 3.0,
  "steps_trained": 180,
  "final_train_loss": 7.299841284751892,
  "val_loss": 7.299916112900032,
  "val_bpb": 4.323421506465271,
  "train_time_ms": 603059.2713952065,
  "world_size": 3,
  "grad_accum_steps": 16,
  "batch_tokens": 491520,
  "model_path": "logs/75ccc9f0-0f7d-46eb-ac85-3c13d07980f4_model.pt",
  "quantized_path": "logs/75ccc9f0-0f7d-46eb-ac85-3c13d07980f4_model.int8.ptz"
}