{
  "run_id": "77d3829c-2df1-4079-b2f9-119c5ef80933",
  "model_version": "v10_policy",
  "params": 1386585,
  "trainable": 1386585,
  "raw_bytes": 5546340,
  "est_int8_bytes": 1386585,
  "quantized_bytes": 5994726,
  "vocab_size": 1024,
  "num_steps": 8,
  "n_channels": 128,
  "n_fourier_basis": 16,
  "state_dim": 64,
  "inner_dim": 128,
  "n_ops": 8,
  "lr": 0.03,
  "activation": "gelu",
  "decay_init": 3.0,
  "steps_trained": 523,
  "final_train_loss": 5.979395687580109,
  "val_loss": 5.999330192020997,
  "val_bpb": 3.553141265655692,
  "train_time_ms": 600954.7737576067,
  "world_size": 3,
  "grad_accum_steps": 16,
  "batch_tokens": 491520,
  "model_path": "logs/77d3829c-2df1-4079-b2f9-119c5ef80933_model.pt",
  "quantized_path": "logs/77d3829c-2df1-4079-b2f9-119c5ef80933_model.int8.ptz"
}