{
  "run_id": "a0dd1250-c038-4e0d-b840-052640ec54da",
  "model_version": "v9_meta",
  "params": 4195369,
  "trainable": 4195369,
  "raw_bytes": 16781476,
  "est_int8_bytes": 4195369,
  "quantized_bytes": 9350136,
  "vocab_size": 1024,
  "num_steps": 8,
  "n_channels": 128,
  "n_fourier_basis": 16,
  "state_dim": 64,
  "inner_dim": 128,
  "n_ops": 8,
  "lr": 0.03,
  "activation": "gelu",
  "decay_init": 3.0,
  "steps_trained": 384,
  "final_train_loss": 5.148515433073044,
  "val_loss": 5.13359974434725,
  "val_bpb": 3.04040693030351,
  "train_time_ms": 601396.3236398995,
  "world_size": 3,
  "grad_accum_steps": 16,
  "batch_tokens": 491520,
  "model_path": "logs/a0dd1250-c038-4e0d-b840-052640ec54da_model.pt",
  "quantized_path": "logs/a0dd1250-c038-4e0d-b840-052640ec54da_model.int8.ptz"
}