{
  "run_id": "ae6c82a6-7f71-4f75-8e1d-018793b94d93",
  "model_version": "v12_sparse",
  "params": 4198433,
  "trainable": 4198433,
  "raw_bytes": 16793732,
  "est_int8_bytes": 4198433,
  "quantized_bytes": 9480141,
  "vocab_size": 1024,
  "num_steps": 8,
  "n_channels": 128,
  "n_fourier_basis": 16,
  "state_dim": 64,
  "inner_dim": 128,
  "n_ops": 8,
  "lr": 0.03,
  "activation": "gelu",
  "decay_init": 3.0,
  "steps_trained": 636,
  "final_train_loss": 5.464926034212112,
  "val_loss": 5.464677511787591,
  "val_bpb": 3.236489832891199,
  "train_time_ms": 600295.80142349,
  "world_size": 3,
  "grad_accum_steps": 16,
  "batch_tokens": 491520,
  "model_path": "logs/ae6c82a6-7f71-4f75-8e1d-018793b94d93_model.pt",
  "quantized_path": "logs/ae6c82a6-7f71-4f75-8e1d-018793b94d93_model.int8.ptz"
}