{
  "run_id": "c65d4f19-4cff-4f83-b2a8-5b66f917960c",
  "model_version": "wave",
  "params": 824417,
  "trainable": 824417,
  "raw_bytes": 2773380,
  "est_int8_bytes": 824417,
  "quantized_bytes": 2529971,
  "vocab_size": 1024,
  "num_steps": 8,
  "n_channels": 128,
  "n_fourier_basis": 16,
  "state_dim": 64,
  "inner_dim": 128,
  "n_ops": 8,
  "lr": 0.03,
  "activation": "gelu",
  "decay_init": 3.0,
  "steps_trained": 166,
  "final_train_loss": 5.660286843776703,
  "val_loss": 5.662494635474901,
  "val_bpb": 3.353648276038987,
  "train_time_ms": 601257.779084146,
  "world_size": 3,
  "grad_accum_steps": 16,
  "batch_tokens": 491520,
  "model_path": "logs/c65d4f19-4cff-4f83-b2a8-5b66f917960c_model.pt",
  "quantized_path": "logs/c65d4f19-4cff-4f83-b2a8-5b66f917960c_model.int8.ptz"
}