{
  "run_id": "dd899107-1bb4-4f7c-990f-5d2c0b52884a",
  "model_version": "v3",
  "params": 328745,
  "trainable": 328745,
  "raw_bytes": 1314980,
  "est_int8_bytes": 328745,
  "quantized_bytes": 1254102,
  "vocab_size": 1024,
  "num_steps": 8,
  "n_channels": 128,
  "n_fourier_basis": 16,
  "state_dim": 64,
  "inner_dim": 128,
  "n_ops": 8,
  "lr": 0.03,
  "activation": "gelu",
  "decay_init": 3.0,
  "steps_trained": 397,
  "final_train_loss": 6.816992431879044,
  "val_loss": 6.812034958530931,
  "val_bpb": 4.034470805830368,
  "train_time_ms": 601182.2826676071,
  "world_size": 3,
  "grad_accum_steps": 16,
  "batch_tokens": 491520,
  "model_path": "logs/dd899107-1bb4-4f7c-990f-5d2c0b52884a_model.pt",
  "quantized_path": "logs/dd899107-1bb4-4f7c-990f-5d2c0b52884a_model.int8.ptz"
}