{
  "run_id": "e1692f9e-eddd-49d3-ba81-57194287a11a",
  "model_version": "v3",
  "params": 328745,
  "trainable": 328745,
  "raw_bytes": 1314980,
  "est_int8_bytes": 328745,
  "quantized_bytes": 1261597,
  "vocab_size": 1024,
  "num_steps": 8,
  "n_channels": 128,
  "n_fourier_basis": 16,
  "state_dim": 64,
  "inner_dim": 128,
  "n_ops": 8,
  "lr": 0.03,
  "activation": "gelu",
  "decay_init": 3.0,
  "steps_trained": 2,
  "final_train_loss": 7.349119603633881,
  "val_loss": 7.331135030412214,
  "val_bpb": 4.341911107892638,
  "train_time_ms": 3030.494835227728,
  "world_size": 3,
  "grad_accum_steps": 16,
  "batch_tokens": 491520,
  "model_path": "logs/e1692f9e-eddd-49d3-ba81-57194287a11a_model.pt",
  "quantized_path": "logs/e1692f9e-eddd-49d3-ba81-57194287a11a_model.int8.ptz"
}